Date,Sun_Pos,Sun_Sign,Sun_Ret,Mon_Pos,Mon_Sign,Mon_Ret,Mar_Pos,Mar_Sign,Mar_Ret,Mer_Pos,Mer_Sign,Mer_Ret,Jup_Pos,Jup_Sign,Jup_Ret,Ven_Pos,Ven_Sign,Ven_Ret,Sat_Pos,Sat_Sign,Sat_Ret,Rah_Pos,Rah_Sign,Rah_Ret,Ket_Pos,Ket_Sign,Ket_Ret,Close
01-01-2019,16.08,9,2,18.15,7,2,5.49,12,2,29.44,8,2,17.39,8,2,29.22,7,2,17.15,9,2,2.45,4,1,2.45,10,1,10862.54981
02-01-2019,17.09,9,2,1.08,8,2,6.29,12,2,1.12,9,2,17.51,8,2,0.21,8,2,17.22,9,2,2.43,4,1,2.43,10,1,10792.5
03-01-2019,18.1,9,2,13.46,8,2,7.09,12,2,2.4,9,2,18.04,8,2,1.21,8,2,17.29,9,2,2.41,4,1,2.41,10,1,10672.25
04-01-2019,19.12,9,2,26.12,8,2,7.5,12,2,4.09,9,2,18.16,8,2,2.21,8,2,17.37,9,2,2.38,4,1,2.38,10,1,10727.35
05-01-2019,20.13,9,2,8.28,9,2,8.3,12,2,5.39,9,2,18.29,8,2,3.22,8,2,17.44,9,2,2.37,4,1,2.37,10,1,
06-01-2019,21.14,9,2,20.34,9,2,9.11,12,2,7.09,9,2,18.41,8,2,4.22,8,2,17.51,9,2,2.36,4,1,2.36,10,1,
07-01-2019,22.15,9,2,2.32,10,2,9.51,12,2,8.39,9,2,18.54,8,2,5.24,8,2,17.58,9,2,2.35,4,1,2.35,10,1,10771.8
08-01-2019,23.16,9,2,14.23,10,2,10.32,12,2,10.1,9,2,19.06,8,2,6.25,8,2,18.05,9,2,2.36,4,1,2.36,10,1,10802.15
09-01-2019,24.17,9,2,26.12,10,2,11.12,12,2,11.42,9,2,19.18,8,2,7.27,8,2,18.12,9,2,2.36,4,1,2.36,10,1,10855.15
10-01-2019,25.19,9,2,7.59,11,2,11.53,12,2,13.13,9,2,19.3,8,2,8.3,8,2,18.19,9,2,2.37,4,1,2.37,10,1,10821.6
11-01-2019,26.2,9,2,19.48,11,2,12.33,12,2,14.46,9,2,19.42,8,2,9.32,8,2,18.26,9,2,2.38,4,1,2.38,10,1,10794.95
12-01-2019,27.21,9,2,1.43,12,2,13.14,12,2,16.18,9,2,19.54,8,2,10.35,8,2,18.33,9,2,2.39,4,1,2.39,10,1,
13-01-2019,28.22,9,2,13.49,12,2,13.54,12,2,17.51,9,2,20.06,8,2,11.39,8,2,18.4,9,2,2.39,4,1,2.39,10,1,
14-01-2019,29.23,9,2,26.09,12,2,14.35,12,2,19.25,9,2,20.18,8,2,12.43,8,2,18.47,9,2,2.39,4,1,2.39,10,1,10737.6
15-01-2019,0.24,10,2,8.48,1,2,15.15,12,2,20.59,9,2,20.3,8,2,13.47,8,2,18.54,9,2,2.39,4,1,2.39,10,1,10886.8
16-01-2019,1.25,10,2,21.5,1,2,15.56,12,2,22.34,9,2,20.42,8,2,14.51,8,2,19.01,9,2,2.39,4,1,2.39,10,1,10890.3
17-01-2019,2.27,10,2,5.18,2,2,16.37,12,2,24.09,9,2,20.53,8,2,15.55,8,2,19.08,9,2,2.39,4,1,2.39,10,1,10905.2
18-01-2019,3.28,10,2,19.14,2,2,17.17,12,2,25.44,9,2,21.05,8,2,17,8,2,19.15,9,2,2.39,4,1,2.39,10,1,10906.95
19-01-2019,4.29,10,2,3.36,3,2,17.58,12,2,27.2,9,2,21.16,8,2,18.05,8,2,19.22,9,2,2.39,4,1,2.39,10,1,
20-01-2019,5.3,10,2,18.22,3,2,18.39,12,2,28.57,9,2,21.28,8,2,19.11,8,2,19.29,9,2,2.39,4,1,2.39,10,1,
21-01-2019,6.31,10,2,3.25,4,2,19.19,12,2,0.34,10,2,21.39,8,2,20.16,8,2,19.36,9,2,2.39,4,1,2.39,10,1,10961.85
22-01-2019,7.32,10,2,18.36,4,2,20,12,2,2.11,10,2,21.5,8,2,21.22,8,2,19.43,9,2,2.39,4,1,2.39,10,1,10922.75
23-01-2019,8.33,10,2,3.46,5,2,20.4,12,2,3.5,10,2,22.02,8,2,22.28,8,2,19.5,9,2,2.39,4,1,2.39,10,1,10831.5
24-01-2019,9.34,10,2,18.45,5,2,21.21,12,2,5.29,10,2,22.13,8,2,23.34,8,2,19.56,9,2,2.38,4,1,2.38,10,1,10849.8
25-01-2019,10.35,10,2,3.27,6,2,22.02,12,2,7.08,10,2,22.24,8,2,24.41,8,2,20.03,9,2,2.37,4,1,2.37,10,1,10780.55
26-01-2019,11.36,10,2,17.45,6,2,22.42,12,2,8.48,10,2,22.35,8,2,25.48,8,2,20.1,9,2,2.36,4,1,2.36,10,1,
27-01-2019,12.37,10,2,1.37,7,2,23.23,12,2,10.29,10,2,22.46,8,2,26.55,8,2,20.17,9,2,2.36,4,1,2.36,10,1,
28-01-2019,13.38,10,2,15.05,7,2,24.04,12,2,12.1,10,2,22.56,8,2,28.02,8,2,20.23,9,2,2.36,4,1,2.36,10,1,10661.55
29-01-2019,14.39,10,2,28.08,7,2,24.44,12,2,13.52,10,2,23.07,8,2,29.09,8,2,20.3,9,2,2.36,4,1,2.36,10,1,10652.2
30-01-2019,15.4,10,2,10.51,8,2,25.25,12,2,15.35,10,2,23.18,8,2,0.17,9,2,20.37,9,2,2.37,4,1,2.37,10,1,10651.8
31-01-2019,16.41,10,2,23.17,8,2,26.06,12,2,17.18,10,2,23.28,8,2,1.24,9,2,20.43,9,2,2.38,4,1,2.38,10,1,10830.95
01-02-2019,17.42,10,2,5.29,9,2,26.46,12,2,19.02,10,2,23.39,8,2,2.32,9,2,20.5,9,2,2.39,4,1,2.39,10,1,10893.65
02-02-2019,18.43,10,2,17.31,9,2,27.27,12,2,20.47,10,2,23.49,8,2,3.4,9,2,20.57,9,2,2.41,4,1,2.41,10,1,
03-02-2019,19.43,10,2,29.26,9,2,28.08,12,2,22.32,10,2,23.59,8,2,4.49,9,2,21.03,9,2,2.41,4,1,2.41,10,1,
04-02-2019,20.44,10,2,11.16,10,2,28.48,12,2,24.18,10,2,24.09,8,2,5.57,9,2,21.1,9,2,2.41,4,1,2.41,10,1,10912.25
05-02-2019,21.45,10,2,23.05,10,2,29.29,12,2,26.04,10,2,24.19,8,2,7.05,9,2,21.16,9,2,2.4,4,1,2.4,10,1,10934.35
06-02-2019,22.46,10,2,4.53,11,2,0.09,1,2,27.51,10,2,24.29,8,2,8.14,9,2,21.22,9,2,2.37,4,1,2.37,10,1,11062.45
07-02-2019,23.47,10,2,16.43,11,2,0.5,1,2,29.39,10,2,24.39,8,2,9.23,9,2,21.29,9,2,2.34,4,1,2.34,10,1,11069.4
08-02-2019,24.48,10,2,28.36,11,2,1.31,1,2,1.27,11,2,24.49,8,2,10.32,9,2,21.35,9,2,2.3,4,1,2.3,10,1,10943.6
09-02-2019,25.48,10,2,10.37,12,2,2.11,1,2,3.15,11,2,24.58,8,2,11.41,9,2,21.41,9,2,2.26,4,1,2.26,10,1,
10-02-2019,26.49,10,2,22.46,12,2,2.52,1,2,5.03,11,2,25.08,8,2,12.5,9,2,21.48,9,2,2.23,4,1,2.23,10,1,
11-02-2019,27.5,10,2,5.07,1,2,3.32,1,2,6.52,11,2,25.17,8,2,13.59,9,2,21.54,9,2,2.2,4,1,2.2,10,1,10888.8
12-02-2019,28.51,10,2,17.43,1,2,4.13,1,2,8.41,11,2,25.27,8,2,15.08,9,2,22,9,2,2.18,4,1,2.18,10,1,10831.4
13-02-2019,29.51,10,2,0.39,2,2,4.54,1,2,10.29,11,2,25.36,8,2,16.18,9,2,22.06,9,2,2.17,4,1,2.17,10,1,10793.65
14-02-2019,0.52,11,2,13.56,2,2,5.34,1,2,12.17,11,2,25.45,8,2,17.28,9,2,22.12,9,2,2.18,4,1,2.18,10,1,10746.05
15-02-2019,1.53,11,2,27.39,2,2,6.15,1,2,14.04,11,2,25.54,8,2,18.37,9,2,22.18,9,2,2.19,4,1,2.19,10,1,10724.4
16-02-2019,2.53,11,2,11.48,3,2,6.55,1,2,15.5,11,2,26.02,8,2,19.47,9,2,22.24,9,2,2.21,4,1,2.21,10,1,
17-02-2019,3.54,11,2,26.22,3,2,7.36,1,2,17.35,11,2,26.11,8,2,20.57,9,2,22.3,9,2,2.22,4,1,2.22,10,1,
18-02-2019,4.54,11,2,11.18,4,2,8.16,1,2,19.18,11,2,26.2,8,2,22.07,9,2,22.36,9,2,2.22,4,1,2.22,10,1,10640.95
19-02-2019,5.55,11,2,26.28,4,2,8.57,1,2,20.59,11,2,26.28,8,2,23.17,9,2,22.42,9,2,2.2,4,1,2.2,10,1,10604.35
20-02-2019,6.55,11,2,11.45,5,2,9.37,1,2,22.38,11,2,26.36,8,2,24.27,9,2,22.48,9,2,2.17,4,1,2.17,10,1,10735.45
21-02-2019,7.56,11,2,26.56,5,2,10.18,1,2,24.13,11,2,26.44,8,2,25.38,9,2,22.53,9,2,2.12,4,1,2.12,10,1,10789.85
22-02-2019,8.56,11,2,11.53,6,2,10.58,1,2,25.44,11,2,26.52,8,2,26.48,9,2,22.59,9,2,2.06,4,1,2.06,10,1,10791.65
23-02-2019,9.57,11,2,26.27,6,2,11.39,1,2,27.11,11,2,27,8,2,27.58,9,2,23.05,9,2,2,4,1,2,10,1,
24-02-2019,10.57,11,2,10.34,7,2,12.19,1,2,28.33,11,2,27.08,8,2,29.09,9,2,23.1,9,2,1.56,4,1,1.56,10,1,
25-02-2019,11.57,11,2,24.11,7,2,12.59,1,2,29.49,11,2,27.16,8,2,0.2,10,2,23.16,9,2,1.52,4,1,1.52,10,1,10880.1
26-02-2019,12.58,11,2,7.19,8,2,13.4,1,2,1,12,2,27.23,8,2,1.3,10,2,23.21,9,2,1.51,4,1,1.51,10,1,10835.3
27-02-2019,13.58,11,2,20.03,8,2,14.2,1,2,2.03,12,2,27.31,8,2,2.41,10,2,23.26,9,2,1.51,4,1,1.51,10,1,10806.65
28-02-2019,14.58,11,2,2.25,9,2,15.01,1,2,2.59,12,2,27.38,8,2,3.52,10,2,23.32,9,2,1.52,4,1,1.52,10,1,10792.5
01-03-2019,15.59,11,2,14.32,9,2,15.41,1,2,3.46,12,2,27.45,8,2,5.03,10,2,23.37,9,2,1.54,4,1,1.54,10,1,10863.5
02-03-2019,16.59,11,2,26.28,9,2,16.21,1,2,4.25,12,2,27.52,8,2,6.14,10,2,23.42,9,2,1.55,4,1,1.55,10,1,
03-03-2019,17.59,11,2,8.17,10,2,17.01,1,2,4.56,12,2,27.59,8,2,7.25,10,2,23.47,9,2,1.55,4,1,1.55,10,1,
04-03-2019,18.59,11,2,20.04,10,2,17.42,1,2,5.17,12,2,28.05,8,2,8.36,10,2,23.52,9,2,1.53,4,1,1.53,10,1,
05-03-2019,19.59,11,2,1.51,11,2,18.22,1,2,5.29,12,2,28.12,8,2,9.47,10,2,23.57,9,2,1.48,4,1,1.48,10,1,10987.45
06-03-2019,21,11,2,13.41,11,2,19.02,1,2,5.31,12,1,28.18,8,2,10.59,10,2,24.02,9,2,1.42,4,1,1.42,10,1,11053
07-03-2019,22,11,2,25.37,11,2,19.43,1,2,5.24,12,1,28.24,8,2,12.1,10,2,24.07,9,2,1.33,4,1,1.33,10,1,11058.2
08-03-2019,23,11,2,7.4,12,2,20.23,1,2,5.09,12,1,28.3,8,2,13.21,10,2,24.12,9,2,1.23,4,1,1.23,10,1,11035.4
09-03-2019,24,11,2,19.5,12,2,21.03,1,2,4.44,12,1,28.36,8,2,14.33,10,2,24.16,9,2,1.13,4,1,1.13,10,1,
10-03-2019,25,11,2,2.1,1,2,21.43,1,2,4.12,12,1,28.42,8,2,15.44,10,2,24.21,9,2,1.03,4,1,1.03,10,1,
11-03-2019,26,11,2,14.4,1,2,22.23,1,2,3.33,12,1,28.47,8,2,16.56,10,2,24.26,9,2,0.55,4,1,0.55,10,1,11168.05
12-03-2019,27,11,2,27.23,1,2,23.04,1,2,2.48,12,1,28.53,8,2,18.07,10,2,24.3,9,2,0.48,4,1,0.48,10,1,11301.2
13-03-2019,28,11,2,10.2,2,2,23.44,1,2,1.58,12,1,28.58,8,2,19.19,10,2,24.34,9,2,0.44,4,1,0.44,10,1,11341.7
14-03-2019,29,11,2,23.34,2,2,24.24,1,2,1.04,12,1,29.03,8,2,20.3,10,2,24.39,9,2,0.43,4,1,0.43,10,1,11343.25
15-03-2019,29.59,11,2,7.07,3,2,25.04,1,2,0.08,12,1,29.08,8,2,21.42,10,2,24.43,9,2,0.43,4,1,0.43,10,1,11426.85
16-03-2019,0.59,12,2,21.02,3,2,25.44,1,2,29.11,11,1,29.13,8,2,22.54,10,2,24.47,9,2,0.44,4,1,0.44,10,1,
17-03-2019,1.59,12,2,5.18,4,2,26.24,1,2,28.13,11,1,29.17,8,2,24.06,10,2,24.51,9,2,0.44,4,1,0.44,10,1,
18-03-2019,2.59,12,2,19.56,4,2,27.04,1,2,27.17,11,1,29.21,8,2,25.17,10,2,24.55,9,2,0.42,4,1,0.42,10,1,11462.2
19-03-2019,3.58,12,2,4.49,5,2,27.44,1,2,26.24,11,1,29.26,8,2,26.29,10,2,24.59,9,2,0.38,4,1,0.38,10,1,11532.4
20-03-2019,4.58,12,2,19.53,5,2,28.24,1,2,25.34,11,1,29.3,8,2,27.41,10,2,25.03,9,2,0.32,4,1,0.32,10,1,11521.05
21-03-2019,5.58,12,2,4.58,6,2,29.04,1,2,24.48,11,1,29.34,8,2,28.53,10,2,25.07,9,2,0.23,4,1,0.23,10,1,
22-03-2019,6.57,12,2,19.53,6,2,29.44,1,2,24.06,11,1,29.37,8,2,0.05,11,2,25.1,9,2,0.13,4,1,0.13,10,1,11456.9
23-03-2019,7.57,12,2,4.31,7,2,0.24,2,2,23.3,11,1,29.41,8,2,1.17,11,2,25.14,9,2,0.03,4,1,0.03,10,1,
24-03-2019,8.56,12,2,18.44,7,2,1.04,2,2,23,11,1,29.44,8,2,2.29,11,2,25.18,9,2,29.53,3,1,29.53,9,1,
25-03-2019,9.56,12,2,2.28,8,2,1.44,2,2,22.36,11,1,29.47,8,2,3.41,11,2,25.21,9,2,29.46,3,1,29.46,9,1,11354.25
26-03-2019,10.55,12,2,15.43,8,2,2.23,2,2,22.18,11,1,29.5,8,2,4.53,11,2,25.24,9,2,29.41,3,1,29.41,9,1,11483.25
27-03-2019,11.55,12,2,28.31,8,2,3.03,2,2,22.06,11,1,29.53,8,2,6.05,11,2,25.28,9,2,29.38,3,1,29.38,9,1,11445.05
28-03-2019,12.54,12,2,10.57,9,2,3.43,2,2,21.59,11,1,29.56,8,2,7.18,11,2,25.31,9,2,29.37,3,1,29.37,9,1,11570
29-03-2019,13.53,12,2,23.05,9,2,4.23,2,2,21.59,11,2,29.58,8,2,8.3,11,2,25.34,9,2,29.38,3,1,29.38,9,1,11623.9
30-03-2019,14.53,12,2,5,10,2,5.02,2,2,22.04,11,2,0.01,9,2,9.42,11,2,25.37,9,2,29.38,3,1,29.38,9,1,
31-03-2019,15.52,12,2,16.49,10,2,5.42,2,2,22.15,11,2,0.03,9,2,10.54,11,2,25.4,9,2,29.36,3,1,29.36,9,1,
01-04-2019,16.51,12,2,28.36,10,2,6.22,2,2,22.3,11,2,0.05,9,2,12.07,11,2,25.43,9,2,29.33,3,1,29.33,9,1,11669.15
02-04-2019,17.5,12,2,10.25,11,2,7.02,2,2,22.51,11,2,0.06,9,2,13.19,11,2,25.45,9,2,29.27,3,1,29.27,9,1,11713.2
03-04-2019,18.5,12,2,22.2,11,2,7.41,2,2,23.17,11,2,0.08,9,2,14.31,11,2,25.48,9,2,29.18,3,1,29.18,9,1,11643.95
04-04-2019,19.49,12,2,4.23,12,2,8.21,2,2,23.47,11,2,0.09,9,2,15.44,11,2,25.51,9,2,29.06,3,1,29.06,9,1,11598
05-04-2019,20.48,12,2,16.37,12,2,9.01,2,2,24.21,11,2,0.1,9,2,16.56,11,2,25.53,9,2,28.53,3,1,28.53,9,1,11665.95
06-04-2019,21.47,12,2,29.01,12,2,9.4,2,2,24.59,11,2,0.11,9,2,18.08,11,2,25.55,9,2,28.39,3,1,28.39,9,1,
07-04-2019,22.46,12,2,11.37,1,2,10.2,2,2,25.41,11,2,0.12,9,2,19.21,11,2,25.58,9,2,28.26,3,1,28.26,9,1,
08-04-2019,23.45,12,2,24.24,1,2,10.59,2,2,26.27,11,2,0.13,9,2,20.33,11,2,26,9,2,28.14,3,1,28.14,9,1,11604.5
09-04-2019,24.44,12,2,7.22,2,2,11.39,2,2,27.16,11,2,0.13,9,2,21.46,11,2,26.02,9,2,28.05,3,1,28.05,9,1,11671.95
10-04-2019,25.43,12,2,20.32,2,2,12.19,2,2,28.09,11,2,0.13,9,2,22.58,11,2,26.04,9,2,27.59,3,1,27.59,9,1,11584.3
11-04-2019,26.42,12,2,3.54,3,2,12.58,2,2,29.04,11,2,0.13,9,1,24.11,11,2,26.06,9,2,27.56,3,1,27.56,9,1,11596.7
12-04-2019,27.41,12,2,17.29,3,2,13.38,2,2,0.03,12,2,0.13,9,1,25.23,11,2,26.08,9,2,27.55,3,1,27.55,9,1,11643.45
13-04-2019,28.4,12,2,1.19,4,2,14.17,2,2,1.04,12,2,0.13,9,1,26.36,11,2,26.09,9,2,27.55,3,1,27.55,9,1,
14-04-2019,29.39,12,2,15.23,4,2,14.56,2,2,2.08,12,2,0.12,9,1,27.48,11,2,26.11,9,2,27.54,3,1,27.54,9,1,
15-04-2019,0.37,1,2,29.42,4,2,15.36,2,2,3.14,12,2,0.12,9,1,29.01,11,2,26.13,9,2,27.52,3,1,27.52,9,1,11690.35
16-04-2019,1.36,1,2,14.14,5,2,16.15,2,2,4.23,12,2,0.11,9,1,0.13,12,2,26.14,9,2,27.48,3,1,27.48,9,1,11787.15
17-04-2019,2.35,1,2,28.54,5,2,16.55,2,2,5.34,12,2,0.1,9,1,1.26,12,2,26.15,9,2,27.41,3,1,27.41,9,1,
18-04-2019,3.33,1,2,13.37,6,2,17.34,2,2,6.48,12,2,0.09,9,1,2.38,12,2,26.16,9,2,27.31,3,1,27.31,9,1,11752.8
19-04-2019,4.32,1,2,28.14,6,2,18.13,2,2,8.04,12,2,0.07,9,1,3.51,12,2,26.18,9,2,27.2,3,1,27.2,9,1,
20-04-2019,5.31,1,2,12.38,7,2,18.53,2,2,9.21,12,2,0.05,9,1,5.04,12,2,26.19,9,2,27.08,3,1,27.08,9,1,
21-04-2019,6.29,1,2,26.43,7,2,19.32,2,2,10.41,12,2,0.04,9,1,6.16,12,2,26.2,9,2,26.57,3,1,26.57,9,1,
22-04-2019,7.28,1,2,10.24,8,2,20.11,2,2,12.03,12,2,0.02,9,1,7.29,12,2,26.2,9,2,26.48,3,1,26.48,9,1,11594.45
23-04-2019,8.26,1,2,23.39,8,2,20.5,2,2,13.27,12,2,29.59,8,1,8.41,12,2,26.21,9,2,26.42,3,1,26.42,9,1,11575.95
24-04-2019,9.25,1,2,6.29,9,2,21.3,2,2,14.53,12,2,29.57,8,1,9.54,12,2,26.22,9,2,26.39,3,1,26.39,9,1,11726.15
25-04-2019,10.23,1,2,18.58,9,2,22.09,2,2,16.21,12,2,29.54,8,1,11.07,12,2,26.22,9,2,26.37,3,1,26.37,9,1,11641.8
26-04-2019,11.22,1,2,1.08,10,2,22.48,2,2,17.51,12,2,29.52,8,1,12.2,12,2,26.23,9,2,26.37,3,1,26.37,9,1,11754.65
27-04-2019,12.2,1,2,13.06,10,2,23.27,2,2,19.22,12,2,29.49,8,1,13.32,12,2,26.23,9,2,26.37,3,1,26.37,9,1,
28-04-2019,13.18,1,2,24.57,10,2,24.06,2,2,20.56,12,2,29.46,8,1,14.45,12,2,26.23,9,2,26.36,3,1,26.36,9,1,
29-04-2019,14.17,1,2,6.46,11,2,24.45,2,2,22.31,12,2,29.42,8,1,15.58,12,2,26.24,9,2,26.34,3,1,26.34,9,1,
30-04-2019,15.15,1,2,18.38,11,2,25.24,2,2,24.08,12,2,29.39,8,1,17.1,12,2,26.24,9,1,26.29,3,1,26.29,9,1,11748.15
01-05-2019,16.13,1,2,0.38,12,2,26.03,2,2,25.47,12,2,29.35,8,1,18.23,12,2,26.24,9,1,26.22,3,1,26.22,9,1,
02-05-2019,17.12,1,2,12.48,12,2,26.43,2,2,27.27,12,2,29.32,8,1,19.36,12,2,26.23,9,1,26.13,3,1,26.13,9,1,11724.75
03-05-2019,18.1,1,2,25.12,12,2,27.22,2,2,29.1,12,2,29.28,8,1,20.49,12,2,26.23,9,1,26.02,3,1,26.02,9,1,11712.25
04-05-2019,19.08,1,2,7.5,1,2,28.01,2,2,0.54,1,2,29.24,8,1,22.02,12,2,26.23,9,1,25.5,3,1,25.5,9,1,
05-05-2019,20.06,1,2,20.44,1,2,28.4,2,2,2.4,1,2,29.19,8,1,23.14,12,2,26.22,9,1,25.38,3,1,25.38,9,1,
06-05-2019,21.04,1,2,3.51,2,2,29.19,2,2,4.28,1,2,29.15,8,1,24.27,12,2,26.22,9,1,25.28,3,1,25.28,9,1,11598.25
07-05-2019,22.03,1,2,17.11,2,2,29.58,2,2,6.18,1,2,29.1,8,1,25.4,12,2,26.21,9,1,25.21,3,1,25.21,9,1,11497.9
08-05-2019,23.01,1,2,0.42,3,2,0.36,3,2,8.1,1,2,29.06,8,1,26.53,12,2,26.2,9,1,25.16,3,1,25.16,9,1,11359.45
09-05-2019,23.59,1,2,14.23,3,2,1.15,3,2,10.03,1,2,29.01,8,1,28.06,12,2,26.2,9,1,25.13,3,1,25.13,9,1,11301.8
10-05-2019,24.57,1,2,28.12,3,2,1.54,3,2,11.59,1,2,28.56,8,1,29.19,12,2,26.19,9,1,25.13,3,1,25.13,9,1,11278.9
11-05-2019,25.55,1,2,12.09,4,2,2.33,3,2,13.56,1,2,28.5,8,1,0.31,1,2,26.18,9,1,25.13,3,1,25.13,9,1,
12-05-2019,26.53,1,2,26.13,4,2,3.12,3,2,15.55,1,2,28.45,8,1,1.44,1,2,26.17,9,1,25.14,3,1,25.14,9,1,
13-05-2019,27.51,1,2,10.24,5,2,3.51,3,2,17.55,1,2,28.4,8,1,2.57,1,2,26.15,9,1,25.13,3,1,25.13,9,1,11148.2
14-05-2019,28.49,1,2,24.39,5,2,4.3,3,2,19.58,1,2,28.34,8,1,4.1,1,2,26.14,9,1,25.11,3,1,25.11,9,1,11222.05
15-05-2019,29.47,1,2,8.57,6,2,5.09,3,2,22.02,1,2,28.28,8,1,5.23,1,2,26.13,9,1,25.06,3,1,25.06,9,1,11157
16-05-2019,0.44,2,2,23.13,6,2,5.47,3,2,24.07,1,2,28.22,8,1,6.36,1,2,26.11,9,1,24.59,3,1,24.59,9,1,11257.1
17-05-2019,1.42,2,2,7.23,7,2,6.26,3,2,26.14,1,2,28.16,8,1,7.49,1,2,26.1,9,1,24.51,3,1,24.51,9,1,11407.15
18-05-2019,2.4,2,2,21.23,7,2,7.05,3,2,28.22,1,2,28.1,8,1,9.01,1,2,26.08,9,1,24.42,3,1,24.42,9,1,
19-05-2019,3.38,2,2,5.07,8,2,7.44,3,2,0.32,2,2,28.04,8,1,10.14,1,2,26.06,9,1,24.34,3,1,24.34,9,1,
20-05-2019,4.35,2,2,18.32,8,2,8.22,3,2,2.42,2,2,27.58,8,1,11.27,1,2,26.04,9,1,24.28,3,1,24.28,9,1,11828.25
21-05-2019,5.33,2,2,1.37,9,2,9.01,3,2,4.53,2,2,27.51,8,1,12.4,1,2,26.03,9,1,24.23,3,1,24.23,9,1,11709.1
22-05-2019,6.31,2,2,14.22,9,2,9.4,3,2,7.04,2,2,27.45,8,1,13.53,1,2,26,9,1,24.21,3,1,24.21,9,1,11737.9
23-05-2019,7.29,2,2,26.49,9,2,10.18,3,2,9.16,2,2,27.38,8,1,15.06,1,2,25.58,9,1,24.21,3,1,24.21,9,1,11657.05
24-05-2019,8.26,2,2,8.59,10,2,10.57,3,2,11.28,2,2,27.31,8,1,16.19,1,2,25.56,9,1,24.21,3,1,24.21,9,1,11844.1
25-05-2019,9.24,2,2,20.59,10,2,11.36,3,2,13.39,2,2,27.24,8,1,17.32,1,2,25.54,9,1,24.23,3,1,24.23,9,1,
26-05-2019,10.22,2,2,2.51,11,2,12.14,3,2,15.49,2,2,27.17,8,1,18.45,1,2,25.52,9,1,24.24,3,1,24.24,9,1,
27-05-2019,11.19,2,2,14.42,11,2,12.53,3,2,17.59,2,2,27.1,8,1,19.58,1,2,25.49,9,1,24.24,3,1,24.24,9,1,11924.75
28-05-2019,12.17,2,2,26.36,11,2,13.31,3,2,20.08,2,2,27.03,8,1,21.11,1,2,25.47,9,1,24.23,3,1,24.23,9,1,11928.75
29-05-2019,13.14,2,2,8.38,12,2,14.1,3,2,22.15,2,2,26.56,8,1,22.24,1,2,25.44,9,1,24.2,3,1,24.2,9,1,11861.1
30-05-2019,14.12,2,2,20.53,12,2,14.48,3,2,24.2,2,2,26.49,8,1,23.37,1,2,25.41,9,1,24.16,3,1,24.16,9,1,11945.9
31-05-2019,15.1,2,2,3.23,1,2,15.27,3,2,26.24,2,2,26.42,8,1,24.5,1,2,25.39,9,1,24.1,3,1,24.1,9,1,11922.8
01-06-2019,16.07,2,2,16.11,1,2,16.05,3,2,28.26,2,2,26.34,8,1,26.03,1,2,25.36,9,1,24.04,3,1,24.04,9,1,
02-06-2019,17.05,2,2,29.19,1,2,16.44,3,2,0.26,3,2,26.27,8,1,27.16,1,2,25.33,9,1,23.57,3,1,23.57,9,1,
03-06-2019,18.02,2,2,12.44,2,2,17.22,3,2,2.23,3,2,26.19,8,1,28.29,1,2,25.3,9,1,23.52,3,1,23.52,9,1,12088.55
04-06-2019,19,2,2,26.27,2,2,18.01,3,2,4.18,3,2,26.12,8,1,29.42,1,2,25.27,9,1,23.48,3,1,23.48,9,1,12021.65
05-06-2019,19.57,2,2,10.23,3,2,18.39,3,2,6.11,3,2,26.04,8,1,0.55,2,2,25.24,9,1,23.46,3,1,23.46,9,1,
06-06-2019,20.55,2,2,24.29,3,2,19.18,3,2,8.01,3,2,25.57,8,1,2.08,2,2,25.21,9,1,23.45,3,1,23.45,9,1,11843.75
07-06-2019,21.52,2,2,8.41,4,2,19.56,3,2,9.48,3,2,25.49,8,1,3.21,2,2,25.17,9,1,23.46,3,1,23.46,9,1,11870.65
08-06-2019,22.49,2,2,22.57,4,2,20.35,3,2,11.33,3,2,25.41,8,1,4.34,2,2,25.14,9,1,23.47,3,1,23.47,9,1,
09-06-2019,23.47,2,2,7.13,5,2,21.13,3,2,13.15,3,2,25.34,8,1,5.47,2,2,25.11,9,1,23.48,3,1,23.48,9,1,
10-06-2019,24.44,2,2,21.26,5,2,21.52,3,2,14.55,3,2,25.26,8,1,7.01,2,2,25.07,9,1,23.49,3,1,23.49,9,1,11922.7
11-06-2019,25.42,2,2,5.35,6,2,22.3,3,2,16.32,3,2,25.18,8,1,8.14,2,2,25.04,9,1,23.49,3,1,23.49,9,1,11965.6
12-06-2019,26.39,2,2,19.38,6,2,23.08,3,2,18.06,3,2,25.11,8,1,9.27,2,2,25,9,1,23.47,3,1,23.47,9,1,11906.2
13-06-2019,27.36,2,2,3.33,7,2,23.47,3,2,19.38,3,2,25.03,8,1,10.4,2,2,24.56,9,1,23.45,3,1,23.45,9,1,11914.05
14-06-2019,28.34,2,2,17.17,7,2,24.25,3,2,21.07,3,2,24.55,8,1,11.53,2,2,24.53,9,1,23.41,3,1,23.41,9,1,11823.3
15-06-2019,29.31,2,2,0.5,8,2,25.03,3,2,22.33,3,2,24.48,8,1,13.06,2,2,24.49,9,1,23.38,3,1,23.38,9,1,
16-06-2019,0.28,3,2,14.08,8,2,25.42,3,2,23.56,3,2,24.4,8,1,14.19,2,2,24.45,9,1,23.34,3,1,23.34,9,1,
17-06-2019,1.25,3,2,27.12,8,2,26.2,3,2,25.16,3,2,24.33,8,1,15.33,2,2,24.41,9,1,23.32,3,1,23.32,9,1,11672.15
18-06-2019,2.23,3,2,10,9,2,26.58,3,2,26.34,3,2,24.25,8,1,16.46,2,2,24.38,9,1,23.3,3,1,23.3,9,1,11691.5
19-06-2019,3.2,3,2,22.32,9,2,27.37,3,2,27.48,3,2,24.18,8,1,17.59,2,2,24.34,9,1,23.3,3,1,23.3,9,1,11691.45
20-06-2019,4.17,3,2,4.51,10,2,28.15,3,2,29,3,2,24.1,8,1,19.12,2,2,24.3,9,1,23.3,3,1,23.3,9,1,11831.75
21-06-2019,5.14,3,2,16.58,10,2,28.53,3,2,0.08,4,2,24.03,8,1,20.25,2,2,24.26,9,1,23.31,3,1,23.31,9,1,11724.1
22-06-2019,6.12,3,2,28.56,10,2,29.31,3,2,1.14,4,2,23.55,8,1,21.39,2,2,24.22,9,1,23.32,3,1,23.32,9,1,
23-06-2019,7.09,3,2,10.48,11,2,0.1,4,2,2.16,4,2,23.48,8,1,22.52,2,2,24.17,9,1,23.34,3,1,23.34,9,1,
24-06-2019,8.06,3,2,22.39,11,2,0.48,4,2,3.15,4,2,23.41,8,1,24.05,2,2,24.13,9,1,23.35,3,1,23.35,9,1,11699.65
25-06-2019,9.03,3,2,4.34,12,2,1.26,4,2,4.11,4,2,23.34,8,1,25.18,2,2,24.09,9,1,23.35,3,1,23.35,9,1,11796.45
26-06-2019,10.01,3,2,16.36,12,2,2.04,4,2,5.03,4,2,23.27,8,1,26.32,2,2,24.05,9,1,23.35,3,1,23.35,9,1,11847.55
27-06-2019,10.58,3,2,28.51,12,2,2.42,4,2,5.52,4,2,23.2,8,1,27.45,2,2,24.01,9,1,23.35,3,1,23.35,9,1,11841.55
28-06-2019,11.55,3,2,11.23,1,2,3.21,4,2,6.37,4,2,23.13,8,1,28.58,2,2,23.56,9,1,23.34,3,1,23.34,9,1,11788.85
29-06-2019,12.52,3,2,24.14,1,2,3.59,4,2,7.18,4,2,23.06,8,1,0.12,3,2,23.52,9,1,23.32,3,1,23.32,9,1,
30-06-2019,13.49,3,2,7.28,2,2,4.37,4,2,7.55,4,2,22.59,8,1,1.25,3,2,23.48,9,1,23.31,3,1,23.31,9,1,
01-07-2019,14.47,3,2,21.05,2,2,5.15,4,2,8.29,4,2,22.52,8,1,2.39,3,2,23.44,9,1,23.3,3,1,23.3,9,1,11865.6
02-07-2019,15.44,3,2,5.03,3,2,5.53,4,2,8.58,4,2,22.46,8,1,3.52,3,2,23.39,9,1,23.29,3,1,23.29,9,1,11910.3
03-07-2019,16.41,3,2,19.2,3,2,6.32,4,2,9.23,4,2,22.39,8,1,5.05,3,2,23.35,9,1,23.29,3,1,23.29,9,1,11916.75
04-07-2019,17.38,3,2,3.51,4,2,7.1,4,2,9.43,4,2,22.33,8,1,6.19,3,2,23.3,9,1,23.29,3,1,23.29,9,1,11946.75
05-07-2019,18.36,3,2,18.3,4,2,7.48,4,2,10,4,2,22.27,8,1,7.32,3,2,23.26,9,1,23.29,3,1,23.29,9,1,11811.15
06-07-2019,19.33,3,2,3.11,5,2,8.26,4,2,10.11,4,2,22.21,8,1,8.46,3,2,23.22,9,1,23.3,3,1,23.3,9,1,
07-07-2019,20.3,3,2,17.47,5,2,9.04,4,2,10.18,4,2,22.15,8,1,9.59,3,2,23.17,9,1,23.3,3,1,23.3,9,1,
08-07-2019,21.27,3,2,2.13,6,2,9.42,4,2,10.2,4,1,22.09,8,1,11.13,3,2,23.13,9,1,23.3,3,1,23.3,9,1,11558.6
09-07-2019,22.24,3,2,16.27,6,2,10.2,4,2,10.18,4,1,22.03,8,1,12.26,3,2,23.08,9,1,23.3,3,1,23.3,9,1,11555.9
10-07-2019,23.22,3,2,0.26,7,2,10.59,4,2,10.1,4,1,21.57,8,1,13.4,3,2,23.04,9,1,23.3,3,1,23.3,9,1,11498.9
11-07-2019,24.19,3,2,14.08,7,2,11.37,4,2,9.59,4,1,21.52,8,1,14.53,3,2,23,9,1,23.3,3,1,23.3,9,1,11582.9
12-07-2019,25.16,3,2,27.34,7,2,12.15,4,2,9.42,4,1,21.46,8,1,16.07,3,2,22.55,9,1,23.3,3,1,23.3,9,1,11552.5
13-07-2019,26.13,3,2,10.44,8,2,12.53,4,2,9.22,4,1,21.41,8,1,17.21,3,2,22.51,9,1,23.31,3,1,23.31,9,1,
14-07-2019,27.1,3,2,23.4,8,2,13.31,4,2,8.57,4,1,21.36,8,1,18.34,3,2,22.46,9,1,23.31,3,1,23.31,9,1,
15-07-2019,28.08,3,2,6.21,9,2,14.09,4,2,8.28,4,1,21.31,8,1,19.48,3,2,22.42,9,1,23.31,3,1,23.31,9,1,11588.35
16-07-2019,29.05,3,2,18.51,9,2,14.47,4,2,7.56,4,1,21.27,8,1,21.01,3,2,22.37,9,1,23.31,3,1,23.31,9,1,11662.6
17-07-2019,0.02,4,2,1.09,10,2,15.25,4,2,7.21,4,1,21.22,8,1,22.15,3,2,22.33,9,1,23.31,3,1,23.31,9,1,11687.5
18-07-2019,0.59,4,2,13.17,10,2,16.03,4,2,6.43,4,1,21.18,8,1,23.29,3,2,22.29,9,1,23.31,3,1,23.31,9,1,11596.9
19-07-2019,1.56,4,2,25.17,10,2,16.41,4,2,6.04,4,1,21.13,8,1,24.42,3,2,22.24,9,1,23.3,3,1,23.3,9,1,11419.25
20-07-2019,2.54,4,2,7.12,11,2,17.19,4,2,5.24,4,1,21.09,8,1,25.56,3,2,22.2,9,1,23.29,3,1,23.29,9,1,
21-07-2019,3.51,4,2,19.03,11,2,17.57,4,2,4.42,4,1,21.05,8,1,27.1,3,2,22.16,9,1,23.28,3,1,23.28,9,1,
22-07-2019,4.48,4,2,0.54,12,2,18.36,4,2,4.01,4,1,21.01,8,1,28.24,3,2,22.12,9,1,23.26,3,1,23.26,9,1,11346.2
23-07-2019,5.45,4,2,12.49,12,2,19.14,4,2,3.21,4,1,20.58,8,1,29.37,3,2,22.07,9,1,23.25,3,1,23.25,9,1,11331.05
24-07-2019,6.43,4,2,24.5,12,2,19.52,4,2,2.43,4,1,20.54,8,1,0.51,4,2,22.03,9,1,23.24,3,1,23.24,9,1,11271.3
25-07-2019,7.4,4,2,7.03,1,2,20.3,4,2,2.07,4,1,20.51,8,1,2.05,4,2,21.59,9,1,23.24,3,1,23.24,9,1,11252.15
26-07-2019,8.37,4,2,19.32,1,2,21.08,4,2,1.34,4,1,20.48,8,1,3.19,4,2,21.55,9,1,23.24,3,1,23.24,9,1,11284.3
27-07-2019,9.35,4,2,2.21,2,2,21.46,4,2,1.04,4,1,20.45,8,1,4.33,4,2,21.51,9,1,23.25,3,1,23.25,9,1,
28-07-2019,10.32,4,2,15.33,2,2,22.24,4,2,0.39,4,1,20.42,8,1,5.46,4,2,21.47,9,1,23.26,3,1,23.26,9,1,
29-07-2019,11.29,4,2,29.11,2,2,23.02,4,2,0.18,4,1,20.4,8,1,7,4,2,21.42,9,1,23.27,3,1,23.27,9,1,11189.2
30-07-2019,12.27,4,2,13.15,3,2,23.4,4,2,0.03,4,1,20.37,8,1,8.14,4,2,21.38,9,1,23.28,3,1,23.28,9,1,11085.4
31-07-2019,13.24,4,2,27.42,3,2,24.18,4,2,29.53,3,1,20.35,8,1,9.28,4,2,21.35,9,1,23.28,3,1,23.28,9,1,11118
01-08-2019,14.21,4,2,12.3,4,2,24.56,4,2,29.49,3,1,20.33,8,1,10.42,4,2,21.31,9,1,23.27,3,1,23.27,9,1,10980
02-08-2019,15.19,4,2,27.3,4,2,25.34,4,2,29.51,3,2,20.31,8,1,11.56,4,2,21.27,9,1,23.26,3,1,23.26,9,1,10997.35
03-08-2019,16.16,4,2,12.34,5,2,26.12,4,2,0,4,2,20.29,8,1,13.1,4,2,21.23,9,1,23.23,3,1,23.23,9,1,
04-08-2019,17.14,4,2,27.32,5,2,26.51,4,2,0.14,4,2,20.28,8,1,14.24,4,2,21.19,9,1,23.2,3,1,23.2,9,1,
05-08-2019,18.11,4,2,12.18,6,2,27.29,4,2,0.35,4,2,20.27,8,1,15.38,4,2,21.15,9,1,23.17,3,1,23.17,9,1,10862.6
06-08-2019,19.09,4,2,26.44,6,2,28.07,4,2,1.03,4,2,20.25,8,1,16.52,4,2,21.12,9,1,23.15,3,1,23.15,9,1,10948.25
07-08-2019,20.06,4,2,10.48,7,2,28.45,4,2,1.37,4,2,20.24,8,1,18.06,4,2,21.08,9,1,23.13,3,1,23.13,9,1,10855.5
08-08-2019,21.04,4,2,24.27,7,2,29.23,4,2,2.18,4,2,20.24,8,1,19.2,4,2,21.05,9,1,23.13,3,1,23.13,9,1,11032.45
09-08-2019,22.01,4,2,7.45,8,2,0.01,5,2,3.05,4,2,20.23,8,1,20.34,4,2,21.01,9,1,23.14,3,1,23.14,9,1,11109.65
10-08-2019,22.59,4,2,20.42,8,2,0.39,5,2,3.59,4,2,20.23,8,1,21.48,4,2,20.58,9,1,23.15,3,1,23.15,9,1,
11-08-2019,23.56,4,2,3.21,9,2,1.17,5,2,4.59,4,2,20.22,8,1,23.02,4,2,20.54,9,1,23.17,3,1,23.17,9,1,
12-08-2019,24.54,4,2,15.46,9,2,1.55,5,2,6.04,4,2,20.22,8,2,24.16,4,2,20.51,9,1,23.18,3,1,23.18,9,1,
13-08-2019,25.51,4,2,28,9,2,2.33,5,2,7.16,4,2,20.23,8,2,25.3,4,2,20.48,9,1,23.18,3,1,23.18,9,1,10925.85
14-08-2019,26.49,4,2,10.06,10,2,3.11,5,2,8.33,4,2,20.23,8,2,26.45,4,2,20.45,9,1,23.17,3,1,23.17,9,1,11029.4
15-08-2019,27.46,4,2,22.04,10,2,3.49,5,2,9.55,4,2,20.24,8,2,27.59,4,2,20.42,9,1,23.14,3,1,23.14,9,1,
16-08-2019,28.44,4,2,3.59,11,2,4.28,5,2,11.23,4,2,20.24,8,2,29.13,4,2,20.39,9,1,23.09,3,1,23.09,9,1,11047.8
17-08-2019,29.42,4,2,15.51,11,2,5.06,5,2,12.55,4,2,20.25,8,2,0.27,5,2,20.36,9,1,23.03,3,1,23.03,9,1,
18-08-2019,0.39,5,2,27.42,11,2,5.44,5,2,14.32,4,2,20.26,8,2,1.41,5,2,20.33,9,1,22.56,3,1,22.56,9,1,
19-08-2019,1.37,5,2,9.34,12,2,6.22,5,2,16.13,4,2,20.28,8,2,2.56,5,2,20.3,9,1,22.49,3,1,22.49,9,1,11053.9
20-08-2019,2.35,5,2,21.3,12,2,7,5,2,17.58,4,2,20.29,8,2,4.1,5,2,20.27,9,1,22.43,3,1,22.43,9,1,11017
21-08-2019,3.32,5,2,3.32,1,2,7.38,5,2,19.45,4,2,20.31,8,2,5.24,5,2,20.25,9,1,22.38,3,1,22.38,9,1,10918.7
22-08-2019,4.3,5,2,15.45,1,2,8.16,5,2,21.36,4,2,20.32,8,2,6.38,5,2,20.22,9,1,22.34,3,1,22.34,9,1,10741.35
23-08-2019,5.28,5,2,28.11,1,2,8.54,5,2,23.29,4,2,20.34,8,2,7.53,5,2,20.2,9,1,22.32,3,1,22.32,9,1,10829.35
24-08-2019,6.26,5,2,10.55,2,2,9.33,5,2,25.23,4,2,20.37,8,2,9.07,5,2,20.17,9,1,22.32,3,1,22.32,9,1,
25-08-2019,7.24,5,2,24.01,2,2,10.11,5,2,27.2,4,2,20.39,8,2,10.21,5,2,20.15,9,1,22.33,3,1,22.33,9,1,
26-08-2019,8.22,5,2,7.32,3,2,10.49,5,2,29.17,4,2,20.42,8,2,11.35,5,2,20.13,9,1,22.34,3,1,22.34,9,1,11057.85
27-08-2019,9.19,5,2,21.31,3,2,11.27,5,2,1.16,5,2,20.44,8,2,12.5,5,2,20.11,9,1,22.35,3,1,22.35,9,1,11105.35
28-08-2019,10.17,5,2,5.56,4,2,12.05,5,2,3.14,5,2,20.47,8,2,14.04,5,2,20.09,9,1,22.34,3,1,22.34,9,1,11046.1
29-08-2019,11.15,5,2,20.46,4,2,12.43,5,2,5.13,5,2,20.5,8,2,15.18,5,2,20.07,9,1,22.32,3,1,22.32,9,1,10948.3
30-08-2019,12.13,5,2,5.54,5,2,13.22,5,2,7.12,5,2,20.54,8,2,16.33,5,2,20.05,9,1,22.27,3,1,22.27,9,1,11023.25
31-08-2019,13.11,5,2,21.11,5,2,14,5,2,9.11,5,2,20.57,8,2,17.47,5,2,20.03,9,1,22.2,3,1,22.2,9,1,
01-09-2019,14.09,5,2,6.25,6,2,14.38,5,2,11.09,5,2,21.01,8,2,19.02,5,2,20.01,9,1,22.12,3,1,22.12,9,1,
02-09-2019,15.07,5,2,21.27,6,2,15.16,5,2,13.07,5,2,21.04,8,2,20.16,5,2,20,9,1,22.05,3,1,22.05,9,1,
03-09-2019,16.05,5,2,6.07,7,2,15.54,5,2,15.04,5,2,21.08,8,2,21.3,5,2,19.58,9,1,21.58,3,1,21.58,9,1,10797.9
04-09-2019,17.04,5,2,20.21,7,2,16.33,5,2,17,5,2,21.12,8,2,22.45,5,2,19.57,9,1,21.53,3,1,21.53,9,1,10844.65
05-09-2019,18.02,5,2,4.07,8,2,17.11,5,2,18.55,5,2,21.17,8,2,23.59,5,2,19.55,9,1,21.5,3,1,21.5,9,1,10847.9
06-09-2019,19,5,2,17.24,8,2,17.49,5,2,20.49,5,2,21.21,8,2,25.14,5,2,19.54,9,1,21.49,3,1,21.49,9,1,10946.2
07-09-2019,19.58,5,2,0.17,9,2,18.28,5,2,22.42,5,2,21.26,8,2,26.28,5,2,19.53,9,1,21.49,3,1,21.49,9,1,
08-09-2019,20.56,5,2,12.49,9,2,19.06,5,2,24.33,5,2,21.31,8,2,27.43,5,2,19.52,9,1,21.5,3,1,21.5,9,1,
09-09-2019,21.55,5,2,25.06,9,2,19.44,5,2,26.24,5,2,21.36,8,2,28.57,5,2,19.51,9,1,21.51,3,1,21.51,9,1,11003.05
10-09-2019,22.53,5,2,7.1,10,2,20.22,5,2,28.14,5,2,21.41,8,2,0.12,6,2,19.5,9,1,21.49,3,1,21.49,9,1,
11-09-2019,23.51,5,2,19.07,10,2,21.01,5,2,0.02,6,2,21.46,8,2,1.26,6,2,19.49,9,1,21.46,3,1,21.46,9,1,11035.7
12-09-2019,24.49,5,2,1,11,2,21.39,5,2,1.49,6,2,21.51,8,2,2.41,6,2,19.49,9,1,21.4,3,1,21.4,9,1,10982.8
13-09-2019,25.48,5,2,12.51,11,2,22.17,5,2,3.36,6,2,21.57,8,2,3.55,6,2,19.48,9,1,21.31,3,1,21.31,9,1,11075.9
14-09-2019,26.46,5,2,24.42,11,2,22.56,5,2,5.21,6,2,22.03,8,2,5.1,6,2,19.48,9,1,21.2,3,1,21.2,9,1,
15-09-2019,27.45,5,2,6.36,12,2,23.34,5,2,7.05,6,2,22.09,8,2,6.24,6,2,19.47,9,1,21.08,3,1,21.08,9,1,
16-09-2019,28.43,5,2,18.32,12,2,24.12,5,2,8.47,6,2,22.15,8,2,7.39,6,2,19.47,9,1,20.55,3,1,20.55,9,1,11003.5
17-09-2019,29.41,5,2,0.34,1,2,24.51,5,2,10.29,6,2,22.21,8,2,8.53,6,2,19.47,9,1,20.43,3,1,20.43,9,1,10817.6
18-09-2019,0.4,6,2,12.42,1,2,25.29,5,2,12.1,6,2,22.27,8,2,10.08,6,2,19.47,9,1,20.33,3,1,20.33,9,1,10840.65
19-09-2019,1.38,6,2,24.59,1,2,26.07,5,2,13.5,6,2,22.34,8,2,11.22,6,2,19.47,9,2,20.25,3,1,20.25,9,1,10704.8
20-09-2019,2.37,6,2,7.28,2,2,26.46,5,2,15.28,6,2,22.4,8,2,12.37,6,2,19.47,9,2,20.2,3,1,20.2,9,1,11274.2
21-09-2019,3.36,6,2,20.11,2,2,27.24,5,2,17.06,6,2,22.47,8,2,13.51,6,2,19.47,9,2,20.18,3,1,20.18,9,1,
22-09-2019,4.34,6,2,3.12,3,2,28.03,5,2,18.43,6,2,22.54,8,2,15.06,6,2,19.47,9,2,20.17,3,1,20.17,9,1,
23-09-2019,5.33,6,2,16.36,3,2,28.41,5,2,20.18,6,2,23.01,8,2,16.2,6,2,19.48,9,2,20.17,3,1,20.17,9,1,11600.2
24-09-2019,6.32,6,2,0.24,4,2,29.2,5,2,21.53,6,2,23.09,8,2,17.35,6,2,19.48,9,2,20.17,3,1,20.17,9,1,11588.2
25-09-2019,7.3,6,2,14.38,4,2,29.58,5,2,23.27,6,2,23.16,8,2,18.49,6,2,19.49,9,2,20.15,3,1,20.15,9,1,11440.2
26-09-2019,8.29,6,2,29.17,4,2,0.37,6,2,24.59,6,2,23.23,8,2,20.04,6,2,19.5,9,2,20.11,3,1,20.11,9,1,11571.2
27-09-2019,9.28,6,2,14.16,5,2,1.15,6,2,26.31,6,2,23.31,8,2,21.19,6,2,19.5,9,2,20.04,3,1,20.04,9,1,11512.4
28-09-2019,10.27,6,2,29.29,5,2,1.54,6,2,28.02,6,2,23.39,8,2,22.33,6,2,19.51,9,2,19.54,3,1,19.54,9,1,
29-09-2019,11.26,6,2,14.44,6,2,2.32,6,2,29.32,6,2,23.47,8,2,23.48,6,2,19.52,9,2,19.43,3,1,19.43,9,1,
30-09-2019,12.25,6,2,29.51,6,2,3.11,6,2,1.01,7,2,23.55,8,2,25.02,6,2,19.53,9,2,19.32,3,1,19.32,9,1,11474.45
01-10-2019,13.24,6,2,14.39,7,2,3.49,6,2,2.29,7,2,24.03,8,2,26.17,6,2,19.55,9,2,19.22,3,1,19.22,9,1,11359.9
02-10-2019,14.23,6,2,29.01,7,2,4.28,6,2,3.57,7,2,24.11,8,2,27.31,6,2,19.56,9,2,19.14,3,1,19.14,9,1,
03-10-2019,15.22,6,2,12.54,8,2,5.06,6,2,5.23,7,2,24.2,8,2,28.46,6,2,19.57,9,2,19.09,3,1,19.09,9,1,11314
04-10-2019,16.21,6,2,26.17,8,2,5.45,6,2,6.48,7,2,24.28,8,2,0.01,7,2,19.59,9,2,19.06,3,1,19.06,9,1,11174.75
05-10-2019,17.2,6,2,9.13,9,2,6.24,6,2,8.12,7,2,24.37,8,2,1.15,7,2,20,9,2,19.05,3,1,19.05,9,1,
06-10-2019,18.19,6,2,21.45,9,2,7.02,6,2,9.35,7,2,24.46,8,2,2.3,7,2,20.02,9,2,19.05,3,1,19.05,9,1,
07-10-2019,19.18,6,2,4,10,2,7.41,6,2,10.58,7,2,24.55,8,2,3.44,7,2,20.04,9,2,19.04,3,1,19.04,9,1,11126.4
08-10-2019,20.17,6,2,16.02,10,2,8.2,6,2,12.19,7,2,25.04,8,2,4.59,7,2,20.06,9,2,19.03,3,1,19.03,9,1,
09-10-2019,21.17,6,2,27.56,10,2,8.58,6,2,13.39,7,2,25.13,8,2,6.14,7,2,20.08,9,2,18.58,3,1,18.58,9,1,11313.3
10-10-2019,22.16,6,2,9.46,11,2,9.37,6,2,14.57,7,2,25.22,8,2,7.28,7,2,20.1,9,2,18.51,3,1,18.51,9,1,11234.55
11-10-2019,23.15,6,2,21.37,11,2,10.16,6,2,16.15,7,2,25.32,8,2,8.43,7,2,20.12,9,2,18.42,3,1,18.42,9,1,11305.05
12-10-2019,24.14,6,2,3.3,12,2,10.54,6,2,17.31,7,2,25.41,8,2,9.57,7,2,20.14,9,2,18.29,3,1,18.29,9,1,
13-10-2019,25.14,6,2,15.28,12,2,11.33,6,2,18.46,7,2,25.51,8,2,11.12,7,2,20.16,9,2,18.16,3,1,18.16,9,1,
14-10-2019,26.13,6,2,27.33,12,2,12.12,6,2,19.59,7,2,26.01,8,2,12.26,7,2,20.19,9,2,18.01,3,1,18.01,9,1,11341.15
15-10-2019,27.12,6,2,9.45,1,2,12.51,6,2,21.1,7,2,26.11,8,2,13.41,7,2,20.21,9,2,17.48,3,1,17.48,9,1,11428.3
16-10-2019,28.12,6,2,22.05,1,2,13.29,6,2,22.2,7,2,26.21,8,2,14.56,7,2,20.24,9,2,17.36,3,1,17.36,9,1,11464
17-10-2019,29.11,6,2,4.34,2,2,14.08,6,2,23.28,7,2,26.31,8,2,16.1,7,2,20.27,9,2,17.27,3,1,17.27,9,1,11586.35
18-10-2019,0.11,7,2,17.13,2,2,14.47,6,2,24.34,7,2,26.41,8,2,17.25,7,2,20.3,9,2,17.21,3,1,17.21,9,1,11661.85
19-10-2019,1.1,7,2,0.04,3,2,15.26,6,2,25.37,7,2,26.51,8,2,18.39,7,2,20.32,9,2,17.18,3,1,17.18,9,1,
20-10-2019,2.1,7,2,13.09,3,2,16.05,6,2,26.38,7,2,27.01,8,2,19.54,7,2,20.35,9,2,17.17,3,1,17.17,9,1,
21-10-2019,3.1,7,2,26.31,3,2,16.44,6,2,27.37,7,2,27.12,8,2,21.08,7,2,20.39,9,2,17.17,3,1,17.17,9,1,
22-10-2019,4.09,7,2,10.12,4,2,17.23,6,2,28.32,7,2,27.22,8,2,22.23,7,2,20.42,9,2,17.17,3,1,17.17,9,1,11588.35
23-10-2019,5.09,7,2,24.13,4,2,18.02,6,2,29.24,7,2,27.33,8,2,23.38,7,2,20.45,9,2,17.15,3,1,17.15,9,1,11604.1
24-10-2019,6.09,7,2,8.36,5,2,18.4,6,2,0.12,8,2,27.44,8,2,24.52,7,2,20.48,9,2,17.12,3,1,17.12,9,1,11582.6
25-10-2019,7.08,7,2,23.16,5,2,19.19,6,2,0.56,8,2,27.55,8,2,26.07,7,2,20.52,9,2,17.05,3,1,17.05,9,1,11583.9
26-10-2019,8.08,7,2,8.09,6,2,19.58,6,2,1.36,8,2,28.06,8,2,27.21,7,2,20.55,9,2,16.57,3,1,16.57,9,1,
27-10-2019,9.08,7,2,23.08,6,2,20.37,6,2,2.11,8,2,28.17,8,2,28.36,7,2,20.59,9,2,16.47,3,1,16.47,9,1,11627.15
28-10-2019,10.08,7,2,8.02,7,2,21.16,6,2,2.4,8,2,28.28,8,2,29.5,7,2,21.02,9,2,16.36,3,1,16.36,9,1,
29-10-2019,11.08,7,2,22.44,7,2,21.55,6,2,3.03,8,2,28.39,8,2,1.05,8,2,21.06,9,2,16.27,3,1,16.27,9,1,11786.85
30-10-2019,12.08,7,2,7.04,8,2,22.35,6,2,3.19,8,2,28.5,8,2,2.2,8,2,21.1,9,2,16.19,3,1,16.19,9,1,11844.1
31-10-2019,13.08,7,2,20.58,8,2,23.14,6,2,3.29,8,2,29.02,8,2,3.34,8,2,21.14,9,2,16.14,3,1,16.14,9,1,11877.45
01-11-2019,14.08,7,2,4.25,9,2,23.53,6,2,3.3,8,1,29.13,8,2,4.49,8,2,21.18,9,2,16.11,3,1,16.11,9,1,11890.6
02-11-2019,15.08,7,2,17.25,9,2,24.32,6,2,3.23,8,1,29.25,8,2,6.03,8,2,21.22,9,2,16.1,3,1,16.1,9,1,
03-11-2019,16.08,7,2,0.02,10,2,25.11,6,2,3.06,8,1,29.36,8,2,7.18,8,2,21.26,9,2,16.11,3,1,16.11,9,1,
04-11-2019,17.08,7,2,12.2,10,2,25.5,6,2,2.41,8,1,29.48,8,2,8.32,8,2,21.3,9,2,16.12,3,1,16.12,9,1,11941.3
05-11-2019,18.08,7,2,24.23,10,2,26.29,6,2,2.05,8,1,0,9,2,9.47,8,2,21.35,9,2,16.11,3,1,16.11,9,1,11917.2
06-11-2019,19.08,7,2,6.18,11,2,27.08,6,2,1.2,8,1,0.12,9,2,11.01,8,2,21.39,9,2,16.1,3,1,16.1,9,1,11966.05
07-11-2019,20.08,7,2,18.09,11,2,27.48,6,2,0.26,8,1,0.24,9,2,12.16,8,2,21.44,9,2,16.06,3,1,16.06,9,1,12012.05
08-11-2019,21.09,7,2,0,12,2,28.27,6,2,29.23,7,1,0.36,9,2,13.3,8,2,21.48,9,2,15.59,3,1,15.59,9,1,11908.15
09-11-2019,22.09,7,2,11.57,12,2,29.06,6,2,28.13,7,1,0.48,9,2,14.45,8,2,21.53,9,2,15.51,3,1,15.51,9,1,
10-11-2019,23.09,7,2,24,12,2,29.45,6,2,26.58,7,1,1,9,2,15.59,8,2,21.58,9,2,15.41,3,1,15.41,9,1,
11-11-2019,24.09,7,2,6.14,1,2,0.25,7,2,25.39,7,1,1.12,9,2,17.14,8,2,22.02,9,2,15.31,3,1,15.31,9,1,11913.45
12-11-2019,25.1,7,2,18.38,1,2,1.04,7,2,24.19,7,1,1.24,9,2,18.28,8,2,22.07,9,2,15.21,3,1,15.21,9,1,
13-11-2019,26.1,7,2,1.13,2,2,1.43,7,2,23.01,7,1,1.37,9,2,19.43,8,2,22.12,9,2,15.13,3,1,15.13,9,1,11840.45
14-11-2019,27.1,7,2,14,2,2,2.22,7,2,21.47,7,1,1.49,9,2,20.57,8,2,22.17,9,2,15.07,3,1,15.07,9,1,11872.1
15-11-2019,28.11,7,2,26.59,2,2,3.02,7,2,20.39,7,1,2.02,9,2,22.12,8,2,22.22,9,2,15.03,3,1,15.03,9,1,11895.45
16-11-2019,29.11,7,2,10.08,3,2,3.41,7,2,19.39,7,1,2.14,9,2,23.26,8,2,22.27,9,2,15.01,3,1,15.01,9,1,
17-11-2019,0.12,8,2,23.29,3,2,4.21,7,2,18.5,7,1,2.27,9,2,24.41,8,2,22.32,9,2,15.01,3,1,15.01,9,1,
18-11-2019,1.12,8,2,7.02,4,2,5,7,2,18.12,7,1,2.39,9,2,25.55,8,2,22.38,9,2,15.02,3,1,15.02,9,1,11884.5
19-11-2019,2.12,8,2,20.47,4,2,5.39,7,2,17.46,7,1,2.52,9,2,27.1,8,2,22.43,9,2,15.04,3,1,15.04,9,1,11940.1
20-11-2019,3.13,8,2,4.45,5,2,6.19,7,2,17.31,7,1,3.05,9,2,28.24,8,2,22.48,9,2,15.04,3,1,15.04,9,1,11999.1
21-11-2019,4.14,8,2,18.55,5,2,6.58,7,2,17.27,7,2,3.18,9,2,29.38,8,2,22.54,9,2,15.03,3,1,15.03,9,1,11968.4
22-11-2019,5.14,8,2,3.16,6,2,7.38,7,2,17.35,7,2,3.31,9,2,0.53,9,2,22.59,9,2,15,3,1,15,9,1,11914.4
23-11-2019,6.15,8,2,17.44,6,2,8.17,7,2,17.53,7,2,3.43,9,2,2.07,9,2,23.05,9,2,14.56,3,1,14.56,9,1,
24-11-2019,7.15,8,2,2.16,7,2,8.57,7,2,18.2,7,2,3.56,9,2,3.22,9,2,23.1,9,2,14.5,3,1,14.5,9,1,
25-11-2019,8.16,8,2,16.44,7,2,9.37,7,2,18.55,7,2,4.09,9,2,4.36,9,2,23.16,9,2,14.44,3,1,14.44,9,1,12073.75
26-11-2019,9.17,8,2,1.03,8,2,10.16,7,2,19.38,7,2,4.23,9,2,5.51,9,2,23.22,9,2,14.39,3,1,14.39,9,1,12037.7
27-11-2019,10.18,8,2,15.06,8,2,10.56,7,2,20.28,7,2,4.36,9,2,7.05,9,2,23.27,9,2,14.34,3,1,14.34,9,1,12100.7
28-11-2019,11.18,8,2,28.5,8,2,11.35,7,2,21.23,7,2,4.49,9,2,8.19,9,2,23.33,9,2,14.31,3,1,14.31,9,1,12151.15
29-11-2019,12.19,8,2,12.12,9,2,12.15,7,2,22.24,7,2,5.02,9,2,9.34,9,2,23.39,9,2,14.3,3,1,14.3,9,1,12056.05
30-11-2019,13.2,8,2,25.12,9,2,12.55,7,2,23.29,7,2,5.15,9,2,10.48,9,2,23.45,9,2,14.31,3,1,14.31,9,1,
01-12-2019,14.21,8,2,7.5,10,2,13.34,7,2,24.38,7,2,5.28,9,2,12.02,9,2,23.51,9,2,14.32,3,1,14.32,9,1,
02-12-2019,15.21,8,2,20.11,10,2,14.14,7,2,25.5,7,2,5.42,9,2,13.17,9,2,23.57,9,2,14.34,3,1,14.34,9,1,12048.2
03-12-2019,16.22,8,2,2.17,11,2,14.54,7,2,27.05,7,2,5.55,9,2,14.31,9,2,24.03,9,2,14.36,3,1,14.36,9,1,11994.2
04-12-2019,17.23,8,2,14.14,11,2,15.34,7,2,28.23,7,2,6.09,9,2,15.45,9,2,24.09,9,2,14.36,3,1,14.36,9,1,12043.2
05-12-2019,18.24,8,2,26.06,11,2,16.13,7,2,29.43,7,2,6.22,9,2,17,9,2,24.15,9,2,14.36,3,1,14.36,9,1,12018.4
06-12-2019,19.25,8,2,7.59,12,2,16.53,7,2,1.04,8,2,6.35,9,2,18.14,9,2,24.22,9,2,14.35,3,1,14.35,9,1,11921.5
07-12-2019,20.26,8,2,19.56,12,2,17.33,7,2,2.27,8,2,6.49,9,2,19.28,9,2,24.28,9,2,14.32,3,1,14.32,9,1,
08-12-2019,21.27,8,2,2.03,1,2,18.13,7,2,3.52,8,2,7.02,9,2,20.42,9,2,24.34,9,2,14.29,3,1,14.29,9,1,
09-12-2019,22.28,8,2,14.22,1,2,18.53,7,2,5.17,8,2,7.16,9,2,21.57,9,2,24.41,9,2,14.25,3,1,14.25,9,1,11937.5
10-12-2019,23.29,8,2,26.56,1,2,19.32,7,2,6.44,8,2,7.29,9,2,23.11,9,2,24.47,9,2,14.21,3,1,14.21,9,1,11856.8
11-12-2019,24.3,8,2,9.45,2,2,20.12,7,2,8.11,8,2,7.43,9,2,24.25,9,2,24.53,9,2,14.18,3,1,14.18,9,1,11910.15
12-12-2019,25.3,8,2,22.51,2,2,20.52,7,2,9.39,8,2,7.57,9,2,25.39,9,2,25,9,2,14.16,3,1,14.16,9,1,11971.8
13-12-2019,26.31,8,2,6.13,3,2,21.32,7,2,11.08,8,2,8.1,9,2,26.53,9,2,25.06,9,2,14.15,3,1,14.15,9,1,12086.7
14-12-2019,27.32,8,2,19.48,3,2,22.12,7,2,12.37,8,2,8.24,9,2,28.07,9,2,25.13,9,2,14.15,3,1,14.15,9,1,
15-12-2019,28.33,8,2,3.35,4,2,22.52,7,2,14.06,8,2,8.38,9,2,29.21,9,2,25.19,9,2,14.16,3,1,14.16,9,1,
16-12-2019,29.34,8,2,17.32,4,2,23.32,7,2,15.36,8,2,8.51,9,2,0.35,10,2,25.26,9,2,14.17,3,1,14.17,9,1,12053.95
17-12-2019,0.36,9,2,1.36,5,2,24.12,7,2,17.07,8,2,9.05,9,2,1.49,10,2,25.33,9,2,14.18,3,1,14.18,9,1,12165
18-12-2019,1.37,9,2,15.44,5,2,24.52,7,2,18.38,8,2,9.19,9,2,3.03,10,2,25.39,9,2,14.19,3,1,14.19,9,1,12221.65
19-12-2019,2.38,9,2,29.55,5,2,25.32,7,2,20.09,8,2,9.33,9,2,4.17,10,2,25.46,9,2,14.19,3,1,14.19,9,1,12259.7
20-12-2019,3.39,9,2,14.06,6,2,26.12,7,2,21.4,8,2,9.46,9,2,5.31,10,2,25.53,9,2,14.19,3,1,14.19,9,1,12271.8
21-12-2019,4.4,9,2,28.15,6,2,26.52,7,2,23.11,8,2,10,9,2,6.45,10,2,26,9,2,14.19,3,1,14.19,9,1,
22-12-2019,5.41,9,2,12.2,7,2,27.32,7,2,24.43,8,2,10.14,9,2,7.59,10,2,26.06,9,2,14.18,3,1,14.18,9,1,
23-12-2019,6.42,9,2,26.19,7,2,28.13,7,2,26.15,8,2,10.28,9,2,9.13,10,2,26.13,9,2,14.17,3,1,14.17,9,1,12262.75
24-12-2019,7.43,9,2,10.07,8,2,28.53,7,2,27.48,8,2,10.41,9,2,10.27,10,2,26.2,9,2,14.16,3,1,14.16,9,1,12214.55
25-12-2019,8.44,9,2,23.44,8,2,29.33,7,2,29.2,8,2,10.55,9,2,11.41,10,2,26.27,9,2,14.15,3,1,14.15,9,1,
26-12-2019,9.45,9,2,7.06,9,2,0.13,8,2,0.53,9,2,11.09,9,2,12.54,10,2,26.34,9,2,14.15,3,1,14.15,9,1,12126.55
27-12-2019,10.47,9,2,20.13,9,2,0.53,8,2,2.26,9,2,11.23,9,2,14.08,10,2,26.41,9,2,14.15,3,1,14.15,9,1,12245.8
28-12-2019,11.48,9,2,3.03,10,2,1.34,8,2,3.59,9,2,11.37,9,2,15.22,10,2,26.48,9,2,14.15,3,1,14.15,9,1,
29-12-2019,12.49,9,2,15.37,10,2,2.14,8,2,5.33,9,2,11.51,9,2,16.36,10,2,26.55,9,2,14.15,3,1,14.15,9,1,
30-12-2019,13.5,9,2,27.56,10,2,2.54,8,2,7.06,9,2,12.04,9,2,17.49,10,2,27.02,9,2,14.15,3,1,14.15,9,1,12255.85
31-12-2019,14.51,9,2,10.02,11,2,3.35,8,2,8.41,9,2,12.18,9,2,19.03,10,2,27.09,9,2,14.15,3,1,14.15,9,1,12168.45
